"studies","tests","b","se","zval","pval","ci.lb","ci.ub"
9,49,-0.0149609734309814,0.0709220432273394,-0.210949554612015,0.83292663508352,-0.153965623866559,0.124043677004597
6,14,0.0977484262640771,0.121789416804484,0.802601973379992,0.422204827390676,-0.140954444370848,0.336451296899003
6,10,0.106564391372812,0.142579885418807,0.747401297593944,0.454821362363142,-0.172887048967897,0.386015831713521
4,10,-0.0641068591610548,0.148607255814327,-0.431384448960899,0.666188855386475,-0.355371728398466,0.227158010076356
5,10,0.280726682484279,0.144568793652175,1.94182074424507,0.0521588046795628,-0.00262294636238736,0.564076311330945
6,17,0.585133711499482,0.114938196093447,5.09085518467469,3.56452191487129e-07,0.359858986708323,0.810408436290641
4,11,0.705003746358614,0.146121174691134,4.82478838435859,1.40151993249759e-06,0.418611506585306,0.991395986131921
4,4,0.304731643161338,0.233175042223047,1.30687933089272,0.191253696853528,-0.15228304168944,0.761746328012116
9,125,0.199548543214069,0.0401054415471998,4.97559771232594,6.50466118135933e-07,0.120943322197481,0.278153764230657
