"studies","tests","b","se","zval","pval","ci.lb","ci.ub"
8,41,0.0180284884370432,0.0713678772610944,0.25261348843384,0.800566905754965,-0.121849980647777,0.157906957521863
6,14,0.0950695468033226,0.113514990760568,0.83750653694584,0.402307904080425,-0.127415746792788,0.317554840399433
6,10,0.100602742511248,0.13220785810797,0.76094374382111,0.446690669243515,-0.158519897853554,0.359725382876051
4,10,-0.069443558462311,0.138773675803548,-0.500408727088973,0.616787309593344,-0.341434965039502,0.20254784811488
5,10,0.274992741323464,0.134420112805801,2.04577079711836,0.0407789264842221,0.0115341614262824,0.538451321220645
6,17,0.515027019517298,0.108400292964563,4.75115892616327,2.02254086087698e-06,0.302566349393163,0.727487689641432
4,11,0.646390588464584,0.139502805467405,4.63353110569247,3.59480715921937e-06,0.372970114006174,0.919811062922995
4,4,0.29916952656573,0.216496578473582,1.38186722707138,0.167012472420399,-0.12515597001864,0.7234950231501
