"studies","tests","b","se","zval","pval","ci.lb","ci.ub"
5,12,-0.0688941822874516,0.234024496758294,-0.294388763748127,0.76846085193766,-0.527573767433818,0.389785402858914
8,20,0.115587590952438,0.124638695907897,0.927381260775162,0.353728616638946,-0.12869976410708,0.359874946011956
4,4,0.18281846593888,0.308705911220052,0.59220915212266,0.553710541604526,-0.422234001867041,0.787870933744801
8,14,0.107253264119824,0.142919213068333,0.750446786105263,0.452985661801028,-0.172863246192915,0.387369774432563
11,59,-0.07356051205438,0.092281162079035,-0.797134652372262,0.425372833097294,-0.254428266180792,0.107307242072032
6,19,0.524685150300889,0.130271649751019,4.0276234415062,5.63434872702192e-05,0.269357408582276,0.780012892019503
7,23,0.42184008425204,0.123508076453894,3.41548582379158,0.000636683434386851,0.179768702602589,0.663911465901491
6,11,0.220619957022879,0.176683447174276,1.24867360554306,0.211784478555644,-0.125673236103086,0.566913150148845
12,162,0.134767096963899,0.0615059461923896,2.19112305893725,0.0284428884856239,0.0142176575917565,0.255316536336041
