"studies","tests","b","se","zval","pval","ci.lb","ci.ub"
4,9,-0.129259219701271,0.125965190006675,-1.02615031735689,0.30482073567125,-0.3761464554201,0.117628016017557
7,12,0.0243191723993195,0.0851338867316182,0.285657959867202,0.775140106650477,-0.142540179458564,0.191178524257203
3,3,0.260093791179116,0.222741052628239,1.16769579792379,0.242929492395391,-0.176470649850774,0.696658232209006
7,10,0.0691943816244917,0.0998399366817091,0.693053140098478,0.488276203515032,-0.126488298490418,0.264877061739401
9,42,0.0863376969732043,0.0802168488966258,1.07630377110009,0.281791422657282,-0.0708844378174739,0.243559831763882
4,11,0.123025968015545,0.108500088498948,1.13387896468617,0.256845321866117,-0.0896302977618025,0.335682233792892
5,12,0.145149148553086,0.0947011973106801,1.53270658317977,0.125348166414513,-0.0404617874686686,0.33076008457484
5,7,0.147032032260097,0.115475135922424,1.27327871134851,0.202919158258304,-0.0792950752577204,0.373359139777915
10,106,0.0570790379144596,0.050604928422957,1.12793436713104,0.259347638478506,-0.0421047992347635,0.156262875063683
