"studies","tests","b","se","zval","pval","ci.lb","ci.ub"
5,12,-0.117196766576822,0.245697000863756,-0.476997139423001,0.633364158617977,-0.59875403937929,0.364360506225646
8,19,0.0389036215449866,0.143792595616955,0.270553719251447,0.786734295226017,-0.242924687107778,0.320731930197751
4,4,0.178888191945977,0.323960836078075,0.552190795997528,0.580817639658107,-0.456063379168534,0.813839763060488
8,14,0.0533316715065661,0.152091346859734,0.35065552779772,0.725846793159678,-0.244761890698702,0.351425233711834
11,58,-0.101908353092601,0.10717209461677,-0.950885148386886,0.341662681794179,-0.311961798689189,0.108145092503988
6,17,0.463097496627496,0.169475745713756,2.73252962939999,0.00628500181576226,0.130931138775466,0.795263854479526
7,20,0.5121095499862,0.142930462767536,3.58292795020963,0.000339764345996302,0.231970990668187,0.792248109304214
6,11,0.170811357093815,0.185939896622665,0.918637474777394,0.358285223812066,-0.19362414357571,0.53524685776334
12,155,0.209587552126772,0.0955067738773946,2.19447839789696,0.0282010352707348,0.0223977150474678,0.396777389206076
