"studies","tests","b","se","zval","pval","ci.lb","ci.ub"
5,12,-0.0724955429242824,0.248215365121904,-0.292067104261166,0.770235317626994,-0.558988718972673,0.413997633124108
8,19,0.037802572267814,0.190166038681885,0.198787188973585,0.842429217718394,-0.334916014631331,0.410521159166959
4,4,0.396158771745012,0.607887045380277,0.651698000073658,0.51459601301165,-0.795277943868796,1.58759548735882
8,14,0.144837837201394,0.191377528117056,0.756817368404948,0.449159285801345,-0.230255225358337,0.519930899761125
11,58,-0.00488329355650857,0.121400320645302,-0.0402247171222569,0.967913972159928,-0.242823549732915,0.233056962619898
6,17,0.178631797422213,0.224008601113763,0.797432761662106,0.425199738516486,-0.260416992987961,0.617680587832387
7,20,0.178358157021038,0.187762580595814,0.94991321729317,0.342156350299899,-0.189649738591057,0.546366052633134
6,11,0.177493013034862,0.263505593150479,0.673583474691187,0.500576162247275,-0.338968459264941,0.693954485334665
12,155,0.209587552126772,0.0955067738773946,2.19447839789696,0.0282010352707348,0.0223977150474678,0.396777389206076
