"studies","tests","b","se","zval","pval","ci.lb","ci.ub"
10,51,-0.0689352470316057,0.10503551317717,-0.656304186521448,0.511628424404267,-0.274801069956542,0.136930575893331
7,18,0.114808620967595,0.143259225371923,0.801404730966081,0.422897377184932,-0.16597430121448,0.39559154314967
8,14,0.131065418873832,0.160533986906823,0.816434086010119,0.414251908077812,-0.183575413758165,0.44570625150583
5,12,-0.0630850798017949,0.242399772202705,-0.260252223954404,0.794669222808708,-0.53817990317981,0.41200974357622
6,11,0.249303886327718,0.197093030032238,1.26490463050338,0.20590551725548,-0.136991354139339,0.635599126794775
7,23,0.478171056653412,0.133112619890485,3.59222932466369,0.000327861129497211,0.217275115780291,0.739066997526533
5,15,0.53135329045119,0.159802714480422,3.32505797651071,0.000884001505315394,0.218145725437826,0.844560855464554
4,4,0.207784857552227,0.345311263654128,0.601732058645932,0.547352506569902,-0.469012782665879,0.884582497770332
11,148,0.156368011222332,0.0679738001569563,2.3004159082068,0.0214246684154973,0.0231418110223746,0.289594211422289
