"studies","tests","b","se","zval","pval","ci.lb","ci.ub"
5,12,-0.070721729514052,0.229410824536815,-0.308275468940232,0.757872730631924,-0.520358683269848,0.378915224241744
8,20,0.116771750806158,0.125125291196422,0.93323859380954,0.350696792207076,-0.128469313493915,0.362012815106231
4,4,0.187974200641347,0.310126596055724,0.606120864937271,0.544434496717322,-0.419862758275873,0.795811159558567
8,14,0.109390998441347,0.143847572494195,0.760464681778079,0.446976872804352,-0.17254506291079,0.391327059793484
11,59,-0.0766348300504696,0.093554811278997,-0.819143654963195,0.412704457494199,-0.259998890737745,0.106729230636806
6,19,0.531824494058067,0.131139683366042,4.05540474406682,5.00475653298973e-05,0.274795437716638,0.788853550399495
7,23,0.431550537128106,0.123199586012314,3.50285703951125,0.000460296436014554,0.190083785633726,0.673017288622486
6,11,0.226590633710864,0.177133713137255,1.27920670603956,0.200824274985638,-0.120585064486005,0.573766331907733
12,162,0.137795696322603,0.0620354964643963,2.22123951892103,0.0263347428595491,0.0162083574893244,0.259383035155882
