"studies","tests","b","se","zval","pval","ci.lb","ci.ub"
9,49,0.0270739774037062,0.0832260927858983,0.325306361231625,0.744949216908275,-0.136046167030643,0.190194121838056
6,14,0.115441201280177,0.141216513906089,0.817476639856349,0.413656093681381,-0.161338079998057,0.39222048255841
6,10,0.136846072535322,0.167018552386336,0.819346537136659,0.412588728318718,-0.190504274891913,0.464196419962558
4,10,-0.018993145711189,0.175035880759198,-0.10851001308308,0.913591138123112,-0.362057168001465,0.324070876579087
5,10,0.318480926478391,0.169931636800243,1.87417088704189,0.0609068754092176,-0.0145789614840259,0.651540814440808
6,17,0.656487864184445,0.133801678552316,4.90642472715885,9.27515612046255e-07,0.3942413931509,0.91873433521799
4,11,0.64427668698501,0.168199676674537,3.83042761866701,0.00012792075901117,0.314611378491635,0.973941995478385
4,4,0.34554612643189,0.271724202817285,1.2716796032492,0.203486980505871,-0.187023524817846,0.878115777681626
9,125,0.230262137384119,0.0566631987711688,4.06369817408332,4.83012764397006e-05,0.119204308543794,0.341319966224444
