"studies","tests","b","se","zval","pval","ci.lb","ci.ub"
8,41,-0.00978843692506954,0.0762290312262791,-0.128408255589835,0.897825898228481,-0.159194592704956,0.139617718854817
6,14,0.0969935777612942,0.12400209199386,0.782193075953083,0.434101113085904,-0.146046056554293,0.340033212076882
6,10,0.107077870447451,0.145101655081222,0.737950717292048,0.460544397596018,-0.177316147608897,0.391471888503799
4,10,-0.0643340651420226,0.151071281255377,-0.425852383109597,0.670215413925628,-0.360428335500883,0.231760205216838
5,10,0.280703108502767,0.147067767078563,1.90866506018832,0.0563053131939594,-0.00754441825794194,0.568950635263477
6,17,0.59007329516309,0.116961134638039,5.04503737065476,4.53432735612413e-07,0.360833683681593,0.819312906644586
4,11,0.708421427329771,0.148561840274908,4.76852889018382,1.85576063556279e-06,0.41724557091396,0.999597283745582
4,4,0.305003445418843,0.236916221233378,1.28738945704522,0.197958577211237,-0.159343815551901,0.769350706389587
8,117,0.215612451234795,0.0368476818280813,5.85145226342241,4.87299151944439e-09,0.143392321937965,0.287832580531626
