"studies","tests","b","se","zval","pval","ci.lb","ci.ub"
10,51,-0.0689352470301333,0.105035513176466,-0.656304186511833,0.511628424410452,-0.274801069953689,0.136930575893422
7,18,0.114808620969113,0.143259225369525,0.801404730990089,0.422897377171038,-0.165974301208263,0.395591543146488
8,14,0.131065418873432,0.160533986903816,0.816434086022917,0.414251908070494,-0.183575413752672,0.445706251499536
5,12,-0.0630850798005737,0.242399772197221,-0.260252223955254,0.794669222808053,-0.538179903167841,0.412009743566694
6,11,0.249303886328442,0.197093030028109,1.26490463053354,0.205905517244663,-0.136991354130523,0.635599126787406
7,23,0.478171056649732,0.133112619888613,3.59222932468656,0.00032786112946843,0.21727511578028,0.739066997519184
5,15,0.531353290451342,0.159802714477518,3.32505797657209,0.000884001505120784,0.21814572544367,0.844560855459015
4,4,0.207784857550695,0.345311263646472,0.601732058654838,0.547352506563972,-0.469012782652405,0.884582497753796
11,148,0.15636801122147,0.0679738001716088,2.30041590769823,0.0214246684442821,0.0231418109927939,0.289594211450145
