"studies","tests","b","se","zval","pval","ci.lb","ci.ub"
10,51,-0.141278138722423,0.122607944294637,-1.15227556856283,0.249207853153433,-0.381585293758404,0.0990290163135586
7,18,0.192461839673192,0.272635872596423,0.705929993145433,0.480231674336952,-0.341894651509447,0.726818330855831
8,14,0.157374360349547,0.266268438314947,0.591036479372001,0.554495978923455,-0.364502188967474,0.679250909666569
5,12,-0.365881131421029,0.817869397289788,-0.447358872496594,0.654615965854824,-1.96887569416649,1.23711343132444
6,11,0.30640565553756,0.490161887867891,0.625111138016799,0.531898118312354,-0.654293991277667,1.26710530235279
7,23,1.40648071777462,0.200751972354477,7.00606176506764,2.45119739018773e-12,1.01301408213446,1.79994735341477
5,15,1.01384561099315,0.254096875554416,3.98999636961704,6.60743065817391e-05,0.515824886322342,1.51186633566397
4,4,-0.364503308338097,2.18595780227313,-0.166747641678654,0.867568617636766,-4.64890187251776,3.91989525584156
11,148,0.295258928467787,0.110751020968548,2.66597026271783,0.00767664830051203,0.0781909161183929,0.51232694081718
