"studies","tests","b","se","zval","pval","ci.lb","ci.ub"
9,49,-0.0437976217173293,0.0807864617844072,-0.542140610566792,0.587721644330225,-0.202136177253189,0.11454093381853
6,14,0.100750757157655,0.140779013968243,0.715666023775264,0.474197594990571,-0.175171039999162,0.376672554314472
7,12,0.162675382651466,0.171728620452721,0.947281718228511,0.343495244046693,-0.173906528550617,0.499257293853548
4,10,-0.117526287001753,0.254122406483989,-0.462479041607683,0.643737828590101,-0.615597051375019,0.380544477371513
5,10,0.278518690052858,0.194429723378631,1.43249028601698,0.152003556173953,-0.102556565293344,0.659593945399061
6,17,0.870567595456634,0.133029749142596,6.54415723601389,5.98318217265752e-11,0.609834078264747,1.13130111264852
4,11,0.750152377321121,0.16476146366502,4.55296014392219,5.28962974278713e-06,0.427225842497577,1.07307891214467
4,4,0.259972951713611,0.321998857696007,0.807372279435371,0.419452032712769,-0.371133212433601,0.891079115860822
10,127,0.226256749030962,0.0560903437309262,4.03379145109805,5.4884032344712e-05,0.116321695437874,0.336191802624049
