"studies","tests","b","se","zval","pval","ci.lb","ci.ub"
5,12,-0.0927025280059671,0.22341405127317,-0.414935978635557,0.678188770708339,-0.530586022141565,0.34518096612963
8,19,0.0973934497057206,0.116620178500152,0.835133773231136,0.40364239285223,-0.13117790002521,0.325964799436651
4,4,0.19002151152841,0.297441182243403,0.638854075603126,0.522917866033231,-0.392952493187674,0.772995516244495
8,14,0.0927281734413811,0.133343234347658,0.695409661352718,0.486798607585134,-0.168619763462113,0.354076110344875
11,58,-0.0673033688009084,0.0828375187237184,-0.81247446613388,0.416519432272887,-0.229661922068059,0.095055184466242
6,17,0.537097333218354,0.128318054020502,4.18567236947452,2.84323210079866e-05,0.285598568771905,0.788596097664803
7,20,0.554470240239221,0.117900960920568,4.70284750785687,2.56558037033459e-06,0.323388603092245,0.785551877386198
6,11,0.207446280400507,0.166728976080888,1.24421252548126,0.213421355054043,-0.119336507897275,0.534229068698288
12,155,0.153083777848457,0.0543934696583958,2.81437788046727,0.00488717423367164,0.046474536323829,0.259693019373085
