"studies","tests","b","se","zval","pval","ci.lb","ci.ub"
5,12,-0.64216979257865,0.775023200874195,-0.828581379053309,0.40734132840214,-2.16118735347502,0.876847768317723
8,20,0.125602399937424,0.225835982442789,0.556166464612182,0.578097062215653,-0.317027992063661,0.56823279193851
4,4,-0.726376558329263,2.09746121197586,-0.346312272275584,0.729108046656628,-4.83732499277169,3.38457187611316
8,14,0.126232657027443,0.254054149525525,0.49687303774883,0.61927858595902,-0.37170432616554,0.624169640220426
11,59,-0.182506508701416,0.110233034513294,-1.65564260756521,0.0977942162653068,-0.398559286254032,0.0335462688512011
6,19,0.685923126174355,0.16719001536051,4.10265603897042,4.08434219226643e-05,0.358236717493057,1.01360953485565
7,23,1.29418143700758,0.201751008427955,6.41474581511069,1.41058015327613e-10,0.898756726644156,1.68960614737101
6,11,0.239736233959976,0.469250813505437,0.510891461581233,0.609427060325175,-0.679978460226803,1.15945092814675
12,162,0.216287185146132,0.103466832503567,2.09040114510779,0.0365817801233045,0.0134959198447032,0.419078450447561
