"studies","tests","b","se","zval","pval","ci.lb","ci.ub"
5,25,-0.0628673012361088,0.157049791482082,-0.400301717326898,0.688934303227511,-0.370679236320515,0.244944633848298
8,41,0.151989404497986,0.103380575048917,1.47019306505182,0.1415094724128,-0.0506327992989308,0.354611608294903
4,9,0.289501364032633,0.221467226858305,1.30719731374907,0.191145707619977,-0.144566424365607,0.723569152430874
8,29,0.125307072842847,0.117031233667994,1.07071479053473,0.284297690323001,-0.104069930212711,0.354684075898406
11,108,-0.0290881492194861,0.0829681074423931,-0.350594344214526,0.725892700206436,-0.191702651672026,0.133526353233054
6,34,0.5608712011711,0.10832842835901,5.17750704655591,2.24870453272617e-07,0.348551383085614,0.773191019256586
7,43,0.412629325411754,0.102992535149869,4.00640031640467,6.16511265290054e-05,0.210767665841535,0.614490984981972
6,24,0.250408213612292,0.137054529779481,1.82706995540532,0.0676892519192901,-0.0182137286735616,0.519030155898147
12,313,0.160862778339441,0.0770516870790945,2.08772558314412,0.0368225957240026,0.00984424671636563,0.311881309962517
