"studies","tests","b","se","zval","pval","ci.lb","ci.ub"
10,50,-0.0581766502547536,0.0923390069910585,-0.630033310412218,0.528672790591407,-0.239157778325421,0.122804477815913
7,17,0.0963082944418015,0.132680151152409,0.725868139320801,0.467919609948433,-0.16374002328025,0.356356612163853
8,14,0.106457658484686,0.148271981982291,0.717989043252962,0.472764042647127,-0.184150086116977,0.397065403086348
5,12,-0.0940105520697726,0.229556359050878,-0.409531465207359,0.682149680486744,-0.543932748231638,0.355911644092093
6,11,0.230261264925092,0.184619462173048,1.24722097126067,0.212316485430886,-0.131586231779237,0.592108761629422
7,20,0.636700496616904,0.126654555580681,5.02706352485928,4.98047406179813e-07,0.388462129200842,0.884938864032965
5,13,0.557136918133395,0.155837716032767,3.57510962247579,0.000350081180244443,0.251700607276192,0.862573228990598
4,4,0.222898696496492,0.331857585359229,0.671669735242628,0.501793972587943,-0.427530218804025,0.873327611797008
11,141,0.177793502668585,0.0583950956439928,3.04466497927339,0.00232939631472587,0.0633412183325873,0.292245787004583
