"studies","tests","b","se","zval","pval","ci.lb","ci.ub"
8,41,-0.045009033417914,0.12962029150971,-0.347237557435536,0.728412857368001,-0.299060136442529,0.209042069606701
6,14,0.0582578174591382,0.168839948816582,0.345047590143646,0.730058593431705,-0.272662401372949,0.389178036291225
6,10,0.201710586074025,0.175072999494883,1.15215131205838,0.249258900764874,-0.141426187601345,0.544847359749394
4,10,-0.0654476704941888,0.198533605802003,-0.329655376125388,0.741660375187065,-0.454566387586987,0.32367104659861
5,10,0.268207843476883,0.186180442835124,1.44058011353212,0.149703341930909,-0.0966991191056777,0.633114806059444
6,17,0.551946352238611,0.163048558694443,3.3851654786656,0.000711353563750305,0.232377049466338,0.871515655010884
4,11,0.697785616740777,0.194178564812177,3.59352546155506,0.000326233753341532,0.317202623139234,1.07836861034232
4,4,0.30938346224601,0.235978634022923,1.31106556967338,0.189835611817139,-0.153126161559878,0.771893086051898
