"studies","tests","b","se","zval","pval","ci.lb","ci.ub"
9,49,-0.0433159332772135,0.0802452991510892,-0.539794028253998,0.589339085861792,-0.200593829541991,0.113961962987564
6,14,0.100970760438711,0.139700404105066,0.722766416357482,0.469823403399735,-0.172837000232911,0.374778521110333
7,12,0.178179615717811,0.164414306686703,1.08372330430672,0.278487499647294,-0.144066503931249,0.500425735366871
4,10,-0.117657067847725,0.252313623354286,-0.466312782812034,0.640991630266215,-0.612182682430929,0.37686854673548
5,10,0.278378840237866,0.192991512314324,1.44244084571177,0.14917804803607,-0.0998775732201267,0.65663525369586
6,17,0.868793995893031,0.132109182189899,6.5763331624004,4.82191477407849e-11,0.609864756773788,1.12772323501227
4,11,0.750191590612915,0.163619357412616,4.58498066778908,4.54028443010288e-06,0.429503542910601,1.07087963831523
4,4,0.259812901125288,0.319792960666453,0.812440963627951,0.416538649077144,-0.366969784290394,0.88659558654097
10,127,0.227308634442943,0.0554760915440141,4.09741616823527,4.1778739471554e-05,0.118577493013629,0.336039775872258
