"studies","tests","b","se","zval","pval","ci.lb","ci.ub"
9,49,0.0255424744310907,0.0822293611538513,0.31062474610864,0.756085912518461,-0.135624111902195,0.186709060764376
6,14,0.113727912460253,0.140020094087669,0.812225653762568,0.416662161799943,-0.160706429063487,0.388162253983993
7,12,0.15476029718429,0.157670358065802,0.981543386358661,0.326324850017499,-0.154267926054216,0.463788520422795
4,10,-0.0210526206330621,0.17345128487121,-0.121374832412997,0.903394150309095,-0.36101089205283,0.318905650786706
5,10,0.316416415770362,0.168412583357653,1.87881694741537,0.0602694921660768,-0.0136661821539875,0.646499013694712
6,17,0.652350600793405,0.13271874623337,4.91528604140311,8.86529240027534e-07,0.392226638102689,0.912474563484121
4,11,0.641626142161364,0.167007015274135,3.84191131796566,0.000122079947320871,0.314298407058528,0.9689538772642
4,4,0.343436163326484,0.269650167432891,1.27363600993111,0.202792444125815,-0.185068453267178,0.871940779920146
10,127,0.228224035212707,0.0553393841666611,4.12407977879521,3.72219874191044e-05,0.119760835319425,0.336687235105989
