"b","se","zval","pval","ci.lb","ci.ub"
0.0180284884325251,0.0713678772468927,0.252613488420801,0.800566905765042,-0.12184998062446,0.15790695748951
0.0950695467251668,0.113514990718613,0.837506536566879,0.402307904293349,-0.127415746788713,0.317554840239046
0.100602742432839,0.132207858046214,0.760943743583479,0.446690669385455,-0.158519897810924,0.359725382676603
-0.0694435585661893,0.13877367574784,-0.500408728038393,0.616787308924965,-0.341434965034196,0.202547847901818
0.27499274122454,0.134420112746488,2.04577079728513,0.0407789264678066,0.0115341614436099,0.53845132100547
0.515027019442069,0.108400292920375,4.75115892740603,2.02254084844465e-06,0.302566349404542,0.727487689479597
0.646390588427183,0.139502805401481,4.633531107614,3.59480712583675e-06,0.372970114097981,0.919811062756384
0.299169526478318,0.216496578361884,1.38186722738057,0.167012472325445,-0.125155969887129,0.723495022843765
