"studies","tests","b","se","zval","pval","ci.lb","ci.ub"
5,12,-0.0688941822980239,0.234024496749741,-0.294388763804061,0.768460851894924,-0.527573767427628,0.38978540283158
8,20,0.115587590927927,0.124638695890705,0.927381260706424,0.353728616674623,-0.128699764097896,0.359874945953749
4,4,0.182818465951703,0.308705911213932,0.592209152175939,0.553710541568853,-0.422234001842223,0.78787093374563
8,14,0.107253264109695,0.142919213054716,0.750446786105893,0.452985661800648,-0.172863246176355,0.387369774395744
11,59,-0.0735605120510611,0.0922811620569707,-0.797134652526891,0.425372833007499,-0.254428266134228,0.107307242032106
6,19,0.524685150279498,0.130271649733885,4.02762344187173,5.63434871826502e-05,0.269357408594467,0.78001289196453
7,23,0.421840084242673,0.123508076436198,3.41548582420509,0.000636683433420158,0.179768702627905,0.663911465857441
6,11,0.220619957006724,0.17668344716262,1.248673605534,0.21178447855896,-0.125673236096397,0.566913150109845
12,162,0.134767096965773,0.061505946195563,2.19112305885467,0.0284428884915982,0.0142176575874109,0.255316536344135
