"studies","tests","b","se","zval","pval","ci.lb","ci.ub"
4,13,-0.217890885218671,0.158069980376687,-1.3784457029692,0.168065720975962,-0.527702353793931,0.09192058335659
6,22,0.000199304222339269,0.105052572207146,0.00189718555340344,0.998486265846028,-0.20569995378696,0.206098562231639
4,5,-0.0815107907335617,0.186959417323876,-0.435981197953553,0.662850371259547,-0.447944515258952,0.284922933791829
6,15,-0.167016095472311,0.110158187263772,-1.5161478199745,0.129481978837319,-0.382922175111524,0.0488899841669019
7,53,-0.0914858413665025,0.0921309855024813,-0.99299753353923,0.320711156454012,-0.272059254811548,0.0890875720785427
5,17,0.105857880705394,0.107750913250662,0.982431401385306,0.325887362711697,-0.105330028567203,0.317045789977991
5,20,0.263353182174312,0.100016561813012,2.63309573335134,0.00846104948305897,0.0673243231632847,0.459382041185339
4,13,0.127694650650693,0.157303302993823,0.811773486127675,0.416921618538616,-0.180614157866391,0.436003459167778
8,158,0.00899400222549562,0.0557258025323029,0.161397446367542,0.871780377810798,-0.100226563747409,0.1182145681984
