"domain","k","b","se","zval","pval","ci.lb","ci.ub","tau2","QE","I2","H2"
"Attn/Wkg Mem/Concentration",41,-0.00230411562722665,0.0700525446428267,-0.032891248119173,0.973761312010471,-0.139604580152551,0.134996348898098,0.132918793099868,126.913203388248,71.9790436176649,3.56875756257348
"Verbal Memory",17,0.764047574174192,0.239612763344759,3.18867644406265,0.00142925754884416,0.294415187782344,1.23367996056604,0.886189570689522,135.998576334008,95.1359491643545,20.5589956558766
"Visual Memory",11,0.827610272078115,0.295984487383863,2.7961271869116,0.0051719042599001,0.247491336823193,1.40772920733304,0.860650272711253,70.5734557980497,94.3376902285511,17.6606374494433
"Verbal Ability/Language",10,0.278614997079704,0.0744723846769578,3.74118538419664,0.00018315435440093,0.132651805270054,0.424578188889354,0.00622724928732248,9.79518335339836,11.2337105820826,1.1265537926137
"Motor Speed",10,-0.0704648438648873,0.0757703770906094,-0.929978793435626,0.352382064532748,-0.2189720540575,0.0780423663277258,0,4.35770830882288,0,1
"Information Proc Speed",10,0.0927117392926206,0.0861467013136345,1.07620765367538,0.281834397551347,-0.0761326926690325,0.261556171254274,0.0291074378967193,15.5767612770615,40.2895367933131,1.67474835446932
"Exec Fxn",14,0.11503176761267,0.0911444612986586,1.26208182015293,0.206919346250531,-0.0636080939230061,0.293671629148345,0.0678342946411375,32.289590555917,60.4489448541391,2.52837755228549
"Visuospatial",4,0.279919015010945,0.116929606551456,2.39391051818654,0.0166698150898671,0.0507411974436521,0.509096832578238,0,1.64347180599817,0,1
